{"best_angle": 0.7330382858376187, "mean_deviation": 1.7426108636706548, "max_deviation": 3.541988218376955, "best_wave_idx": 4}