{"best_angle": 0.7155849933176753, "mean_deviation": 1.2710368795767368, "max_deviation": 1.9429492621391042, "best_wave_idx": 3}