{"best_angle": 0.7330382858376187, "mean_deviation": 2.2106592057571426, "max_deviation": 4.280824157430034, "best_wave_idx": 4}