{"best_angle": 0.7330382858376187, "mean_deviation": 3.6330689904302034, "max_deviation": 5.206571585267919, "best_wave_idx": 4}