{"best_angle": 0.6806784082777887, "mean_deviation": 2.7889665293378667, "max_deviation": 3.147310841673383, "best_wave_idx": 3}