{"best_angle": 0.645771823237902, "mean_deviation": 3.2819260306824174, "max_deviation": 6.309452779907309, "best_wave_idx": 2}