{"best_angle": 0.6806784082777887, "mean_deviation": 1.9337557036645165, "max_deviation": 2.2447360922631043, "best_wave_idx": 3}