{"best_angle": 0.7155849933176753, "mean_deviation": 2.5564379322712245, "max_deviation": 3.1357012994911186, "best_wave_idx": 3}