{"best_angle": 0.750491578357562, "mean_deviation": 3.8561713288245465, "max_deviation": 4.999186120511145, "best_wave_idx": 3}