{"best_angle": 0.7155849933176753, "mean_deviation": 2.235514614635292, "max_deviation": 4.305804153832638, "best_wave_idx": 4}