{"best_angle": 2.2863813201125742, "mean_deviation": 11.122098621415935, "max_deviation": 17.28601502745877, "best_wave_idx": 30}