{"best_angle": 0.6632251157578454, "mean_deviation": 3.1042471403501914, "max_deviation": 3.290854397599138, "best_wave_idx": 3}