{"best_angle": 0.7155849933176753, "mean_deviation": 3.556605745774925, "max_deviation": 4.289027747434424, "best_wave_idx": 3}