{"best_angle": 0.6806784082777887, "mean_deviation": 1.4405467248995958, "max_deviation": 1.974827878426874, "best_wave_idx": 4}