{"best_angle": 0.698131700797732, "mean_deviation": 3.2950904142916744, "max_deviation": 4.288161204543892, "best_wave_idx": 3}