{"best_angle": 0.750491578357562, "mean_deviation": 3.0611338023938663, "max_deviation": 3.6509091951859145, "best_wave_idx": 5}