{"best_angle": 0.6632251157578454, "mean_deviation": 2.0442647318095637, "max_deviation": 2.8520036547572536, "best_wave_idx": 3}