{"best_angle": 0.6632251157578454, "mean_deviation": 5.198444490919657, "max_deviation": 6.190763264310114, "best_wave_idx": 4}