{"best_angle": 0.6632251157578454, "mean_deviation": 2.2530607159778744, "max_deviation": 3.3250985236755994, "best_wave_idx": 2}