{"best_angle": 0.698131700797732, "mean_deviation": 1.1355069389958283, "max_deviation": 2.1000077181743952, "best_wave_idx": 3}