{"best_angle": 0.645771823237902, "mean_deviation": 2.7517722693455275, "max_deviation": 4.4462192799443425, "best_wave_idx": 2}