{"best_angle": 0.7155849933176753, "mean_deviation": 4.1793231903647445, "max_deviation": 5.494728313391753, "best_wave_idx": 4}