{"best_angle": 0.7330382858376187, "mean_deviation": 4.101139365905813, "max_deviation": 4.828519966163366, "best_wave_idx": 3}