{"best_angle": 0.9250245035569952, "mean_deviation": 7.28606398052971, "max_deviation": 10.815208256060126, "best_wave_idx": 75}