{"best_angle": 0.7853981633974486, "mean_deviation": 3.3840824056225443, "max_deviation": 6.999227638368485, "best_wave_idx": 4}