{"best_angle": 0.7155849933176753, "mean_deviation": 2.109648144285897, "max_deviation": 2.847755568998742, "best_wave_idx": 4}