{"best_angle": 1.0297442586766552, "mean_deviation": 5.142399158057617, "max_deviation": 6.158385561536268, "best_wave_idx": 71}