{"best_angle": 0.7155849933176753, "mean_deviation": 4.4455523635969705, "max_deviation": 6.32439610056719, "best_wave_idx": 3}