{"best_angle": 0.7330382858376187, "mean_deviation": 1.9603622553256816, "max_deviation": 3.2648348984816136, "best_wave_idx": 3}