{"best_angle": 0.645771823237902, "mean_deviation": 1.5927547825201571, "max_deviation": 2.7702328397459106, "best_wave_idx": 3}