{"best_angle": 0.9250245035569952, "mean_deviation": 3.306624980019253, "max_deviation": 5.012621902637071, "best_wave_idx": 62}