{"best_angle": 0.750491578357562, "mean_deviation": 2.145420326952519, "max_deviation": 4.036062855044999, "best_wave_idx": 3}