{"best_angle": 0.7330382858376187, "mean_deviation": 1.1456905852338273, "max_deviation": 2.300342475869533, "best_wave_idx": 3}