{"best_angle": 1.0122909661567117, "mean_deviation": 4.479138894422333, "max_deviation": 7.639466676137168, "best_wave_idx": 69}