{"best_angle": 0.9773843811168251, "mean_deviation": 3.526945498814998, "max_deviation": 6.338546280551315, "best_wave_idx": 54}