{"best_angle": 0.7155849933176753, "mean_deviation": 1.2966354094975274, "max_deviation": 2.604317471225721, "best_wave_idx": 4}