{"best_angle": 1.9896753472735376, "mean_deviation": 4.50524231239845, "max_deviation": 8.938053253668334, "best_wave_idx": 42}