{"best_angle": 0.7330382858376187, "mean_deviation": 7.155012189447819, "max_deviation": 11.92667451638602, "best_wave_idx": 4}