{"best_angle": 0.6108652381980154, "mean_deviation": 2.3373446920237604, "max_deviation": 3.709997763378324, "best_wave_idx": 3}