{"best_angle": 1.8849555921538776, "mean_deviation": 6.556285678930688, "max_deviation": 9.21349664006811, "best_wave_idx": 42}