{"best_angle": 0.7155849933176753, "mean_deviation": 4.034361294629552, "max_deviation": 6.3181113749003535, "best_wave_idx": 2}