{"best_angle": 0.698131700797732, "mean_deviation": 1.2842217754175747, "max_deviation": 1.9263919634384463, "best_wave_idx": 2}