{"best_angle": 0.6806784082777887, "mean_deviation": 2.9363363086178977, "max_deviation": 5.68964938854672, "best_wave_idx": 2}