{"best_angle": 1.954768762233651, "mean_deviation": 4.40916346009248, "max_deviation": 8.484635476592668, "best_wave_idx": 37}