{"best_angle": 0.6806784082777887, "mean_deviation": 1.033013046754345, "max_deviation": 1.1643259047207992, "best_wave_idx": 4}