{"best_angle": 0.698131700797732, "mean_deviation": 1.572458453366301, "max_deviation": 1.9018863095365492, "best_wave_idx": 3}