{"best_angle": 0.6632251157578454, "mean_deviation": 1.843309711009612, "max_deviation": 2.7789308932402434, "best_wave_idx": 3}