{"best_angle": 0.9424777960769385, "mean_deviation": 4.96829292993951, "max_deviation": 9.090265843664612, "best_wave_idx": 51}