{"best_angle": 0.9599310885968818, "mean_deviation": 6.447507308716106, "max_deviation": 9.544815316456521, "best_wave_idx": 6}