{"best_angle": 0.698131700797732, "mean_deviation": 0.8368464813367039, "max_deviation": 1.438676892778627, "best_wave_idx": 3}