{"best_angle": 0.9599310885968818, "mean_deviation": 3.686814853673465, "max_deviation": 4.827557310236264, "best_wave_idx": 69}