{"best_angle": 1.9896753472735376, "mean_deviation": 4.703722940806808, "max_deviation": 8.840041901516813, "best_wave_idx": 42}