{"best_angle": 1.7976891295541613, "mean_deviation": 13.706311926541156, "max_deviation": 20.261516237612838, "best_wave_idx": 69}