{"best_angle": 0.7330382858376187, "mean_deviation": 1.0175011170763295, "max_deviation": 1.3806920944315542, "best_wave_idx": 3}