{"best_angle": 1.7104226669544444, "mean_deviation": 5.4429273352363365, "max_deviation": 10.55558975467011, "best_wave_idx": 54}