{"best_angle": 1.9024088846738212, "mean_deviation": 8.328251789482415, "max_deviation": 11.738108550918447, "best_wave_idx": 42}