{"best_angle": 0.698131700797732, "mean_deviation": 0.9097453131012857, "max_deviation": 1.3528859552150538, "best_wave_idx": 3}