{"best_angle": 0.6806784082777887, "mean_deviation": 3.7113501817596366, "max_deviation": 4.458248182430568, "best_wave_idx": 3}