{"best_angle": 0.6283185307179587, "mean_deviation": 2.7581244283465502, "max_deviation": 4.058157510438108, "best_wave_idx": 2}