{"best_angle": 0.750491578357562, "mean_deviation": 2.043523213505096, "max_deviation": 3.5550073783673644, "best_wave_idx": 4}