{"best_angle": 0.7679448708775053, "mean_deviation": 5.8861010237590925, "max_deviation": 15.947775471170193, "best_wave_idx": 22}