{"best_angle": 0.6806784082777887, "mean_deviation": 1.1580196430432643, "max_deviation": 2.2396526823852834, "best_wave_idx": 3}