{"best_angle": 0.6806784082777887, "mean_deviation": 4.158431784036638, "max_deviation": 5.797724891324218, "best_wave_idx": 4}