{"best_angle": 0.6632251157578454, "mean_deviation": 2.039311194257213, "max_deviation": 2.9245289207744753, "best_wave_idx": 3}