{"best_angle": 0.7330382858376187, "mean_deviation": 1.1996077258904323, "max_deviation": 1.7725301378396663, "best_wave_idx": 3}