{"best_angle": 1.9896753472735376, "mean_deviation": 4.386994763848988, "max_deviation": 8.853704043275735, "best_wave_idx": 42}