{"best_angle": 0.9075712110370519, "mean_deviation": 2.544925644875461, "max_deviation": 5.5110391397078295, "best_wave_idx": 67}