{"best_angle": 0.698131700797732, "mean_deviation": 0.49362566890209364, "max_deviation": 0.5661554027088909, "best_wave_idx": 3}