{"best_angle": 1.832595714594048, "mean_deviation": 18.750181446517395, "max_deviation": 26.253147908235523, "best_wave_idx": 55}