{"best_angle": 0.6283185307179587, "mean_deviation": 2.796767061172408, "max_deviation": 4.188823076824305, "best_wave_idx": 2}