{"best_angle": 0.6806784082777887, "mean_deviation": 1.7507940183130533, "max_deviation": 2.3566737220932015, "best_wave_idx": 4}