{"best_angle": 0.6632251157578454, "mean_deviation": 1.7392611660340753, "max_deviation": 3.245402239992524, "best_wave_idx": 2}