{"best_angle": 0.750491578357562, "mean_deviation": 4.931604119024869, "max_deviation": 13.080399697492098, "best_wave_idx": 17}