{"best_angle": 0.7155849933176753, "mean_deviation": 1.1753335097910054, "max_deviation": 2.0482084006283245, "best_wave_idx": 4}