{"best_angle": 0.7155849933176753, "mean_deviation": 2.4219200697634364, "max_deviation": 2.4869458597022636, "best_wave_idx": 4}