{"best_angle": 0.750491578357562, "mean_deviation": 3.411208400236038, "max_deviation": 4.8641696825665335, "best_wave_idx": 5}