{"best_angle": 1.954768762233651, "mean_deviation": 5.166909261017967, "max_deviation": 6.748208623752971, "best_wave_idx": 32}