{"best_angle": 0.6283185307179587, "mean_deviation": 2.1593106180720247, "max_deviation": 3.6667348147046774, "best_wave_idx": 2}