{"best_angle": 2.216568150032801, "mean_deviation": 13.456730938578067, "max_deviation": 18.406758788195656, "best_wave_idx": 33}