{"best_angle": 0.8726646259971652, "mean_deviation": 5.4403039432627525, "max_deviation": 8.188435152319393, "best_wave_idx": 6}