{"best_angle": 0.6806784082777887, "mean_deviation": 0.43840970840210575, "max_deviation": 0.7593833087600348, "best_wave_idx": 3}