{"best_angle": 0.5585053606381855, "mean_deviation": 2.800624524030374, "max_deviation": 5.910487030337832, "best_wave_idx": 3}