{"best_angle": 0.6632251157578454, "mean_deviation": 4.046795567510827, "max_deviation": 5.520540034454252, "best_wave_idx": 4}