{"best_angle": 0.645771823237902, "mean_deviation": 1.6620060289792853, "max_deviation": 2.4062317790224266, "best_wave_idx": 3}