{"best_angle": 0.6806784082777887, "mean_deviation": 1.3846146675064592, "max_deviation": 2.0166163697436517, "best_wave_idx": 4}