{"best_angle": 0.698131700797732, "mean_deviation": 1.1918963595799024, "max_deviation": 1.4773238179649453, "best_wave_idx": 3}