{"best_angle": 0.698131700797732, "mean_deviation": 0.6561129590772512, "max_deviation": 0.8021942919587475, "best_wave_idx": 3}