{"best_angle": 0.9424777960769385, "mean_deviation": 3.1780603477115243, "max_deviation": 5.356271453496373, "best_wave_idx": 67}