{"best_angle": 0.7330382858376187, "mean_deviation": 2.061900054888796, "max_deviation": 3.390952673190319, "best_wave_idx": 4}