{"best_angle": 0.7330382858376187, "mean_deviation": 1.9403082346069775, "max_deviation": 3.855610457718477, "best_wave_idx": 4}