{"best_angle": 0.7155849933176753, "mean_deviation": 1.1046065581665832, "max_deviation": 1.2735054216232653, "best_wave_idx": 2}