{"best_angle": 0.6806784082777887, "mean_deviation": 0.5833299574001027, "max_deviation": 1.1220311698944103, "best_wave_idx": 3}