{"best_angle": 0.698131700797732, "mean_deviation": 2.440499520455815, "max_deviation": 4.365868971696693, "best_wave_idx": 2}