{"best_angle": 0.6632251157578454, "mean_deviation": 0.7943087702067922, "max_deviation": 0.9711105358504801, "best_wave_idx": 3}