{"best_angle": 0.698131700797732, "mean_deviation": 0.47040224553721316, "max_deviation": 0.6527408275424902, "best_wave_idx": 3}