{"best_angle": 1.954768762233651, "mean_deviation": 5.0101642741779875, "max_deviation": 8.613337291067648, "best_wave_idx": 36}