{"best_angle": 0.750491578357562, "mean_deviation": 2.081439194779709, "max_deviation": 2.8317808106904003, "best_wave_idx": 4}