{"best_angle": 0.7330382858376187, "mean_deviation": 2.424427919804194, "max_deviation": 3.2143527012468445, "best_wave_idx": 3}