{"best_angle": 0.8552113334772219, "mean_deviation": 4.0387770999697725, "max_deviation": 8.715073538799055, "best_wave_idx": 6}