{"best_angle": 0.7155849933176753, "mean_deviation": 3.233443603383335, "max_deviation": 4.871900893245356, "best_wave_idx": 3}