{"best_angle": 0.698131700797732, "mean_deviation": 1.1498184882503422, "max_deviation": 1.7730591733764, "best_wave_idx": 4}