{"best_angle": 1.745329251994331, "mean_deviation": 18.507490293279442, "max_deviation": 29.195045979256438, "best_wave_idx": 62}