{"best_angle": 1.745329251994331, "mean_deviation": 8.326657976242346, "max_deviation": 9.204437128289273, "best_wave_idx": 46}