{"best_angle": 0.7155849933176753, "mean_deviation": 1.8659702301639705, "max_deviation": 3.1907766667997577, "best_wave_idx": 2}