{"best_angle": 0.7155849933176753, "mean_deviation": 1.0074741763423356, "max_deviation": 1.1041003004525995, "best_wave_idx": 3}