{"best_angle": 0.7330382858376187, "mean_deviation": 4.322291802527212, "max_deviation": 5.027762736388971, "best_wave_idx": 3}