{"best_angle": 0.9250245035569952, "mean_deviation": 6.715570198194345, "max_deviation": 8.309875595334688, "best_wave_idx": 71}