{"best_angle": 0.7330382858376187, "mean_deviation": 2.8581936116601874, "max_deviation": 3.804651935203452, "best_wave_idx": 3}