{"best_angle": 0.645771823237902, "mean_deviation": 2.664988715365219, "max_deviation": 3.9357900544038564, "best_wave_idx": 5}