{"best_angle": 0.6632251157578454, "mean_deviation": 1.103846301804148, "max_deviation": 1.7715217515121033, "best_wave_idx": 3}