{"best_angle": 0.7155849933176753, "mean_deviation": 3.579879063306055, "max_deviation": 5.986463861081575, "best_wave_idx": 4}