{"best_angle": 0.6632251157578454, "mean_deviation": 1.48279344508871, "max_deviation": 2.349722519873238, "best_wave_idx": 4}