{"best_angle": 0.7155849933176753, "mean_deviation": 3.5399672596242957, "max_deviation": 4.356911003816561, "best_wave_idx": 3}