{"best_angle": 0.7330382858376187, "mean_deviation": 1.0337063149480619, "max_deviation": 1.8329620565500955, "best_wave_idx": 3}