{"best_angle": 0.750491578357562, "mean_deviation": 1.855039792636375, "max_deviation": 2.1205623069034423, "best_wave_idx": 3}