{"best_angle": 1.9722220547535945, "mean_deviation": 5.3022115877521285, "max_deviation": 10.339302914958393, "best_wave_idx": 44}