{"best_angle": 0.6632251157578454, "mean_deviation": 1.9600447731153432, "max_deviation": 2.854027504526907, "best_wave_idx": 3}