{"best_angle": 0.7155849933176753, "mean_deviation": 2.4234574107983646, "max_deviation": 4.390803143036697, "best_wave_idx": 4}