{"best_angle": 1.9896753472735376, "mean_deviation": 5.8849906963415926, "max_deviation": 9.24237532163246, "best_wave_idx": 36}