{"best_angle": 0.698131700797732, "mean_deviation": 1.151794420187852, "max_deviation": 1.2216274321039249, "best_wave_idx": 2}