{"best_angle": 0.7155849933176753, "mean_deviation": 2.8780842720490867, "max_deviation": 4.351503606938362, "best_wave_idx": 3}