{"best_angle": 0.7155849933176753, "mean_deviation": 2.358440717990076, "max_deviation": 2.526465525271014, "best_wave_idx": 3}