{"best_angle": 0.7679448708775053, "mean_deviation": 3.1211839042073435, "max_deviation": 4.153820437331518, "best_wave_idx": 5}