{"best_angle": 0.6632251157578454, "mean_deviation": 4.469303984662653, "max_deviation": 4.815209760821617, "best_wave_idx": 3}