{"best_angle": 0.6806784082777887, "mean_deviation": 3.8824059194442264, "max_deviation": 4.922270224262072, "best_wave_idx": 4}