{"best_angle": 0.6806784082777887, "mean_deviation": 1.085066395097022, "max_deviation": 1.6175389964218407, "best_wave_idx": 4}