{"best_angle": 0.6632251157578454, "mean_deviation": 2.5570357734674936, "max_deviation": 3.3917174909449805, "best_wave_idx": 5}