{"best_angle": 0.698131700797732, "mean_deviation": 1.6982606056245035, "max_deviation": 2.457087827423164, "best_wave_idx": 4}