{"best_angle": 0.7155849933176753, "mean_deviation": 2.7105718710094386, "max_deviation": 4.0308926186905385, "best_wave_idx": 3}