{"best_angle": 0.645771823237902, "mean_deviation": 4.4912805330389185, "max_deviation": 5.011579052138001, "best_wave_idx": 3}