{"best_angle": 0.6283185307179587, "mean_deviation": 1.7362464262506254, "max_deviation": 2.7081650692521495, "best_wave_idx": 3}