{"best_angle": 0.750491578357562, "mean_deviation": 1.8274320952796288, "max_deviation": 3.145410672276019, "best_wave_idx": 3}