{"best_angle": 2.1642082724729708, "mean_deviation": 5.406244715389891, "max_deviation": 7.551119843587914, "best_wave_idx": 39}