{"best_angle": 0.750491578357562, "mean_deviation": 2.4571249139963602, "max_deviation": 4.961959151171439, "best_wave_idx": 4}