{"best_angle": 0.7679448708775053, "mean_deviation": 2.2900412156638192, "max_deviation": 3.6126170145166876, "best_wave_idx": 4}