{"best_angle": 0.7330382858376187, "mean_deviation": 4.845693162278768, "max_deviation": 8.467692509039727, "best_wave_idx": 5}