{"best_angle": 2.024581932313424, "mean_deviation": 8.541557756832049, "max_deviation": 9.910837619446484, "best_wave_idx": 37}