{"best_angle": 0.7330382858376187, "mean_deviation": 1.1591367606140472, "max_deviation": 1.6607303686228734, "best_wave_idx": 3}