{"best_angle": 0.698131700797732, "mean_deviation": 0.5824820395066269, "max_deviation": 0.6665150373049792, "best_wave_idx": 3}