{"best_angle": 1.0122909661567117, "mean_deviation": 4.440365762700204, "max_deviation": 7.31397195899144, "best_wave_idx": 69}