{"best_angle": 0.7330382858376187, "mean_deviation": 1.2550545009921459, "max_deviation": 1.7941841046116076, "best_wave_idx": 3}