{"best_angle": 1.954768762233651, "mean_deviation": 6.055675890278901, "max_deviation": 9.113164627140055, "best_wave_idx": 40}