{"best_angle": 0.750491578357562, "mean_deviation": 3.5481569637243857, "max_deviation": 4.963810273494417, "best_wave_idx": 3}