{"best_angle": 0.645771823237902, "mean_deviation": 2.8239045061624695, "max_deviation": 5.072024425812071, "best_wave_idx": 1}