{"best_angle": 0.645771823237902, "mean_deviation": 1.624332962834133, "max_deviation": 2.9788535640573883, "best_wave_idx": 4}