{"best_angle": 0.7330382858376187, "mean_deviation": 1.607075834279873, "max_deviation": 2.495607094425614, "best_wave_idx": 3}