{"best_angle": 0.6108652381980154, "mean_deviation": 2.5885513956162733, "max_deviation": 5.388095283581568, "best_wave_idx": 2}