{"best_angle": 0.8203047484373353, "mean_deviation": 4.500839123864666, "max_deviation": 8.143159820209828, "best_wave_idx": 4}