{"best_angle": 0.6806784082777887, "mean_deviation": 1.120827132929156, "max_deviation": 1.683099903733871, "best_wave_idx": 4}