{"best_angle": 0.6806784082777887, "mean_deviation": 0.7966006690010531, "max_deviation": 1.5003431590687581, "best_wave_idx": 3}