{"best_angle": 0.8901179185171085, "mean_deviation": 2.8134987620257275, "max_deviation": 4.0833731864495215, "best_wave_idx": 60}