{"best_angle": 0.698131700797732, "mean_deviation": 3.728426995311322, "max_deviation": 5.0736471584308, "best_wave_idx": 3}