{"best_angle": 0.645771823237902, "mean_deviation": 1.4289298031093036, "max_deviation": 2.9504392365959347, "best_wave_idx": 3}