{"best_angle": 0.698131700797732, "mean_deviation": 1.1518871073658608, "max_deviation": 1.288123685551701, "best_wave_idx": 4}