{"best_angle": 0.6806784082777887, "mean_deviation": 2.90488540998097, "max_deviation": 3.353429967287945, "best_wave_idx": 3}