{"best_angle": 0.7155849933176753, "mean_deviation": 1.3625457921306854, "max_deviation": 2.049354757692039, "best_wave_idx": 3}