{"best_angle": 2.007128639793481, "mean_deviation": 10.119122169323472, "max_deviation": 17.122009555152506, "best_wave_idx": 53}