{"best_angle": 0.6632251157578454, "mean_deviation": 0.8206706025337116, "max_deviation": 1.190945258449384, "best_wave_idx": 3}