{"best_angle": 0.7155849933176753, "mean_deviation": 1.9385631926349551, "max_deviation": 3.307246346928559, "best_wave_idx": 2}