{"best_angle": 2.4085543677521772, "mean_deviation": 7.789567567878791, "max_deviation": 15.80863813139295, "best_wave_idx": 35}