{"best_angle": 0.7155849933176753, "mean_deviation": 1.2863526509889587, "max_deviation": 1.5509802247283933, "best_wave_idx": 4}