{"best_angle": 0.7330382858376187, "mean_deviation": 1.1896017925905467, "max_deviation": 1.5021535055613964, "best_wave_idx": 3}