{"best_angle": 0.6806784082777887, "mean_deviation": 3.742734681979973, "max_deviation": 5.895940967817995, "best_wave_idx": 3}