{"best_angle": 0.698131700797732, "mean_deviation": 0.4704022455372073, "max_deviation": 0.6527408275424887, "best_wave_idx": 3}