{"best_angle": 0.7155849933176753, "mean_deviation": 2.395948483981961, "max_deviation": 3.9922330407149254, "best_wave_idx": 4}