{"best_angle": 1.745329251994331, "mean_deviation": 9.3558672141243, "max_deviation": 11.64727242364099, "best_wave_idx": 47}