{"best_angle": 0.6632251157578454, "mean_deviation": 2.613858777536967, "max_deviation": 4.827743404512503, "best_wave_idx": 3}