{"best_angle": 0.7853981633974486, "mean_deviation": 3.54982103514059, "max_deviation": 6.156692373276676, "best_wave_idx": 3}