{"best_angle": 0.6632251157578454, "mean_deviation": 2.714865481214435, "max_deviation": 3.2376117124054558, "best_wave_idx": 4}