{"best_angle": 0.8028514559173919, "mean_deviation": 3.908505233006443, "max_deviation": 8.436567496946198, "best_wave_idx": 5}