{"best_angle": 0.7155849933176753, "mean_deviation": 1.0981909466626731, "max_deviation": 1.6948072838145811, "best_wave_idx": 3}